Workbook

Sheet MATRIZ
A1: MATRIZ DE ACTIVIDADES DE SEGURIDAD Y SALUD EN EL TRABAJO
A2: CODIGO: FG-FOR-SST-125 | D2: VERSIÓN: 1 | H2: FECHA: 01/02/2026
A3: TIPO DE INDICADOR | B3: NOMBRE INDICADOR | C3: DEFINICIÓN | D3: FORMULA | F3: RESPONSABLE | G3: FRECUENCIA DE MEDICIÓN | H3: UNIDAD | I3: INTERPRETACIÓN | J3: DIVULGACIÓN | K3: ENERO | L3: FEBRERO | M3: MARZO | N3: ABRIL | O3: MAYO | P3: JUNIO | Q3: JULIO | R3: AGOSTO | S3: SEPTIEMBRE | T3: OCTUBRE | U3: NOVIEMBRE | V3: DICIEMBRE
A4: RESULTADO | B4: Frecuencia de Accidentalidad | C4: Numero de veces que ocurre un accidente de trabajo en el mes. | D4: (IFAT) FA= (NUMERO DE ACCIDENTES DE TRABAJO QUE SE PRESENTARON EN EL MES / NUMERO DE TRABAJADORES EN EL MES) * 100 | F4: Coordinador de SST | G4: Mensual | H4: Número | I4: Por cada 100 trabajadores que laboraron en el mes se presentaron X Accidentes de trabajo | J4: 1 | K4: =0/12*100 | L4: =0/12*100 | M4: =0/11*100 | N4: =0/8*100 | O4: =0/10*100 | P4: =0/17*100 | Q4: =0/17*100 | R4: =(1/5)*100% | S4: =0/6*100 | T4: =0/6*100 | U4: =0/7*100 | V4: =0/8*100
A5: RESULTADO | B5: Indice de Frecuencia de Accidentes de Trabajo con Incapacidad | C5: Expresa el total de AT incapacitantes ocurridos durante el ultimo año, por cada 100 trabajadores de tiempo completo. | D5: IFIAT= (N° DE A.T EN EL PERIODO CON INCAPACIDAD / N° HHT EN EL PERIODO)*K | F5: Coordinador de SST | G5: Anual | H5: Número | I5: por cada 100 trabajadores, se presentan X Accidentes de Trabajo con incapacidad en el mes | J5: 1 | K5: =1/870*200000%
A6: RESULTADO | B6: Indice de Lesiones Incapacitantes por A.T | C6: Corresponde a la relacion entre los indices de frecuencia y severidad de Accidentes de Trabajo con Incapacidad. Es un indice global de comportamiento de lesiones incapacitantes que no tiene unidad, su utilidad radica en la comparacion entre diferentes periodos. | D6: ILIAT=IFIAT *ISAT/1000 | F6: Coordinador de SST | G6: Anual | H6: Número | I6: por cada 100 trabajadores, se presentan X Incapacidades por accidentes de Trabajo en el mes | J6: 1 | K6: =230*1379/1000%
A7: RESULTADO | B7: Severidad de accidentalidad | C7: Numero de días perdidos por accidentes de trabajo en el mes. | D7: (Numero de días de incapacidad * accidentes de trabajo en el mes + numero de días cargados en el mes / Numero de trabajadores en el mes) * 100 | F7: Coordinador de SST | G7: Mensual | H7: Porcentaje | I7: Por cada 100 trabajadores que laboraron en el mes, se perdieron X días accidente de trabajo. | J7: 1 | K7: =(0*0+30/12)*100% | L7: =(0*0+30/12)*100% | M7: =(0*0+30/11)*100% | N7: =(0*0+30/8)*100% | O7: =(0*0+30/10)*100% | P7: =(0*0+30/5)*100% | Q7: =(0*0+30/5)*100% | R7: =(6*1+30/5)*100% | S7: =(0*0+26/6)*100% | T7: =0*0+25/6*100% | U7: =0*0+26/7*100% | V7: =(0*0+25/8)*100%
A8: RESULTADO | B8: Indice de Severidad del Ausentismo | C8: Es la relacion entre los dias de incapacidad por enfermedad comun y el total de HHT, multiplicado por 240.000 | D8: ISA=N° DIAS DE AUSENCIA POR CAUSA DE SALUD DURANTE EL ULTIMO AÑO / N° HORAS HOMBRE PROGRAMADAS EN EL AÑO * 240.000 | F8: Coordinador de SST | G8: Anual | H8: Número | I8: por XXXX horas programadas en el año se pierden XXX dias por incapacidad de enfermedad comun ( XXX horas) | J8: 1 | K8: =(6/14243)*240000%
A9: RESULTADO | B9: Proporción de accidentes de trabajos mortales. | C9: Numero de accidentes de trabajo mortales en el año. | D9: (Numero de accidentes de trabajo mortales que se presentaron en el año / Total accidentes de trabajo que se presentaron en el año) * 100 | F9: Coordinador de SST | G9: Anual | H9: Porcentaje | I9: En el año el X% de accidentes de trabajo fueron mortales. | J9: 1 | K9: =(0/1)*100%
A10: RESULTADO | B10: Prevalencía de la enfermedad laboral | C10: Numero de casos de enfermedades laborales presentes en una población en un periodo de tiempo. | D10: (NUMERO DE CASOS NUEVOS Y ANTIGUOS DE ENFERMADA LABORAL EN EL PERIODO “Z” / PROMEDIO DE TRABAJADORES EN EL PERIODO “Z”) * 100.000 | F10: Coordinador de SST | G10: Anual | H10: Porcentaje | I10: Por cada 100.000 trabajadores existen X casos de enfermedad laboral en el periodo Z. | J10: 1 | K10: =(0/8)*100000%
A11: RESULTADO | B11: Incidencia de la enfermedad laboral. | C11: Numero de casos nuevos de enfermedad laboral en una población determinada en un periodo de tiempo. | D11: (NUMERO DE CASOS NUEVOS DE ENFERMEDAD LABORAL EN EL PERIODO “Z” / PROMEDIO DE TRABAJADORES EN EL PERIODO “Z” * 100.00 | F11: Coordinador de SST | G11: Anual | I11: Por cada 100.000 trabajadores existen X casos nuevo de enfermedad laboral en el periodo Z. | J11: 1 | K11: =(0/8)*100000%
A12: RESULTADO | B12: Ausentismos por causas medica | C12: Ausentismo es la no asistencia al trabajo, con incapacidad médica. | D12: (NUMERO DE DÍAS DE AUSENCIA POR INCAPACIDAD LABORAL O COMÚN EN EL MES / NUMERO DE DÍAS DE TRABAJO PROGRAMADOS EN EL MES) * 100 | F12: Coordinador de SST | G12: Mensual | I12: En el mes se perdió X% de días programados de trabajo por incapacidad médica. | J12: 1 | K12: =(17/30)*100% | L12: =(0/30)*100 | M12: =(0/30)*100 | N12: =(0/30)*100 | O12: =(0/30)*100 | P12: =(0/30)*100% | Q12: =(0/30)*100% | R12: =(6/30)*100% | S12: =(0/26)*100% | T12: =(0/25)*100 | U12: =(0/26)*100% | V12: =(0/25)*100%
A13: RESULTADO | B13: Cobertura Inducción | C13: Muestra el porcentaje de personas que reciben la inducción | D13: Número de personas que asisten a la inducción / Número de personas que ingresan en el periodo *100 | F13: Coordinador de SST | G13: Mensual | H13: Porcentaje | I13: XX % de las personas nuevas asistieron a la induccion | J13: 1 | K13: =(1/1)*100% | L13: =(1/1)*100% | M13: 0 | N13: =(2/2)*100% | O13: =(1/1)*100% | P13: 0 | Q13: 0 | R13: 0 | S13: 0 | T13: =(4/4)*100% | U13: =1/1*100% | V13: =2/2*100%
A14: RESULTADO | B14: %Inspecciones realizadas | C14: Muestra el porcentaje de Inspecciones | D14: Número de inspecciones realizadas / Número de inspecciones planeadas * 100 | F14: Coordinador de SST | G14: Mensual | H14: Porcentaje | I14: El XX% de las inspecciones planeadas se realizaron | J14: 1 | K14: =(8/10)*100% | L14: =(8/8)*100% | M14: =(10/10)*100% | N14: =(10/10)*100% | O14: =(7/8)*100% | P14: =(11/11)*100% | Q14: =(12/12)*100% | R14: =(12/12)*100% | S14: =(12/12)*100% | T14: =12/12*100% | U14: =12/12*100% | V14: =12/12*100%
A15: RESULTADO | B15: Acciones correctivas | C15: Muestra el porcentaje de acciones correctivas realizadas | D15: Acciones correctivas realizadas /Número de No Conformidades encontradas * 100 | F15: Coordinador de SST | G15: Anual | H15: Porcentaje | I15: XX% de las no conformidades tienen acciones X correctivas | J15: 1 | K15: =3/3*100%
A16: ESTRUCTURA | B16: Política de SST | C16: Divulgación de la política de SST | D16: Fecha: 02/02/2026 | F16: Coordinador de SST | G16: Anual | H16: Cumplimiento | I16: Fecha: 02/02/2026 | J16: 1 | K16: 1
A17: ESTRUCTURA | B17: Objetivos y metas | C17: Objetivos y metas de seguridad divulgados | D17: Objetivos y metas de seguridad escritos y divulgados. | F17: Coordinador de SST Gerencia | G17: Mensual | H17: Cumplimiento | I17: Los objetivos y metas de seguridad se encuentran escritos y divulgados. | J17: 1 | K17: 1 | L17: 1 | M17: 1 | N17: 1 | O17: 1 | P17: 1 | Q17: 1 | R17: 0.9 | S17: 1 | T17: 1 | U17: 1 | V17: 1
A18: ESTRUCTURA | B18: Responsabilidades | C18: Asignación de responsabilidades | D18: N° total de Jefes con delegación de responsabilidad en SGSST/Total de Jefes de la estructura. | F18: Coordinador de SST | G18: Anual | H18: Número | I18: Número total de Jefes con responsabilidades | J18: 1 | K18: =8/8
A19: ESTRUCTURA | B19: Identificación de peligros y riesgos | C19: Método definido para la identificación de peligros | D19: Método definido para la identificación de peligros. | F19: Coordinador de SST | G19: Anual | H19: Cumplimiento | I19: Indentificación de peligros realizado | J19: 1 | K19: 1
A20: ESTRUCTURA | B20: Funcionamiento del Copasst | C20: Funcionamiento del COPASST | D20: La empresa cuenta con un COPASST en funcionamiento y con delegación de funciones. | F20: Copasst | G20: Semestral | H20: Número | I20: Número de reuniones anuales del Copasst | J20: 1 | K20: 1 | Q20: 1
A21: ESTRUCTURA | B21: Capacitación en SST | C21: Áreas con Plan de capacitación anual en SST | D21: N° de Áreas con plan de capacitación anual en SST/Total de áreas | F21: Coordinador de SST | G21: Anual | H21: Porcentaje | I21: XX% de personas capacitadas | J21: 1 | K21: =2/2
A22: PROCESO | B22: Autoevaluación | C22: Evaluación inicial del SG-SST | D22: SUMATORIA DE PORCENTAJE POR CADA UNO DE LOS ITEMS EVALUADOS | F22: Coordinador de SST Copasst Otras áreas | G22: Semestral | H22: Porcentaje | I22: XX% de cumplimiento del SG SST | J22: 1 | K22: 0.825 | Q22: 0.94
A23: PROCESO | B23: Ejecución del plan de trabajo | C23: Ejecución del plan de trabajo en el SGSST | D23: (N° DE ACTIVIDADES DESARROLLADAS EN EL PERIODOEN EL PLAN / N° DE ACTIVIDADES PROPUESTASEN EL PERIODO EN EL PLAN DE TRABAJO) X 100 | F23: Coordinador de SST | G23: Semestral | H23: Porcentaje | I23: XX% de actividades cumplidas del plan de trabajo | J23: 1 | K23: =(99/116)*100% | Q23: 0.96
A24: PROCESO | B24: Intervención de peligros y riesgos | C24: Intervención de los peligros identificados | D24: N° TOTAL DE PELIGROS INTERVENIDOS EN EL PERIODO/TOTAL DE PELIGROS IDENTIFICADOS | F24: Coordinador de SST | G24: Semestral | H24: Porcentaje | I24: XX% de peligros intervenidos | J24: 1 | K24: =1/1 | Q24: =1/1
A25: PROCESO | B25: Plan de accidentalidad | C25: Ejecución del plan de intervención de la accidentalidad | D25: N° DE ACTIVIDADES DESARROLLADAS EN LA INTERVENCIÓN DE LOS RIESGOS PRIORITARIOS/ACTIVIDADES PROPUESTAS PARA LA INTERVENCIÓN DE LOS RIESGOS PRIORITARIOS | F25: Jefes de Área COPASST Área de Gestión de la SST | G25: Semestral | H25: Porcentaje | I25: XX% de actividades cumplidas del plan de intervención de riesgos | J25: 1 | K25: =1/1 | Q25: =1/1
A26: PROCESO | B26: Investigación de accidentes e incidentes | C26: Porcentaje de accidentes/ incidentes investigados | D26: N° DE ACCIDENTES /INCIDENTESINVESTIGADOS/NRO DE ACCIDENTES/INCIDENTES REPORTADOS | F26: Representante Legal: Carlos Andrés Muñoz Parra | G26: Semestral | H26: Porcentaje | I26: XX% de investigaciónes realizadas | J26: 1 | K26: 0 | Q26: =1/1/1/1
A27: PROCESO | B27: Simulacros | C27: Procentaje de simulacros realizados por sede | D27: N° DE SIMULACROS REALIZADOS/NRO DE SIMULACROS PROGRAMADOS | F27: Representante Legal: Carlos Andrés Muñoz Parra | G27: Semestral | H27: Porcentaje | I27: XX% de simulacros ejecutados | J27: 1 | K27: =0/1 | Q27: =0/1

Sheet Tasa de EL
A1: FICHA TÉCNICA
A2: NOMBRE DEL INDICADOR | B2: TIPO INDICADOR | C2: FORMULA DE INDICADOR | E2: DEFINICIÓN | G2: INTERPRETACIÓN | I2: UNIDAD DE MEDIDA | K2: META
A3: Tasa de enfermedad laboral | B3: Resultado | C3: (Numero de enfermedades laborales calificadas en el periodo / promedio de trabajadores X 100.000 | E3: Refleja las enfermedades en un periodo determinado. | G3: por cada 100. trabajadores expuestos se presentan 0 enfermedades laborales en el periodo | I3: Porcentaje | K3: 0
A4: TIPO DE INDICADOR | G4: PERIOCIDAD
A5: ESTRUCTURA | C5: PROCESO | E5: RESULTADO | G5: MENSUAL | I5: SEMESTRAL | K5: ANUAL
E6: X | K6: X
A9: VARIABLE | B9: 2022
A10: Número de enfermedades laborales calificados en el periodo | B10: 0
A11: Promedio de trabajadores | B11: ='[1]Prevalencia de EL'!B11:C11
B12: 100000
A13: Tasa de enfermedad laboral | B13: =B10/B11*B12

Sheet Índice de incidencia AT
A1: FICHA TÉCNICA
A2: NOMBRE DEL INDICADOR | B2: TIPO INDICADOR | C2: FORMULA DE INDICADOR | E2: DEFINICIÓN | G2: INTERPRETACIÓN | I2: UNIDAD DE MEDIDA | K2: META
A3: Índice de incidencia de accidente de trabajo | B3: Resultado | C3: Número de accidentes de trabajo en el periodo/ promedio de trabajadores*100.000 | E3: Reflejan la presentación de nuevos eventos en un periodo determinado | G3: En el periodo 3 se accidentaron el X % por cada 100.000 trabajadores. | I3: Porcentaje | K3: 0
A4: TIPO DE INDICADOR | G4: PERIOCIDAD
A5: ESTRUCTURA | C5: PROCESO | E5: RESULTADO | G5: MENSUAL | I5: SEMESTRAL | K5: ANUAL
E6: X | K6: X
A9: VARIABLE | B9: 2022
A10: Número de accidentes en el periodo | B10: 1
A11: Promedio de trabajadores | B11: 14
B12: 1000
A13: Índice de incidencia de accidente de trabajo | B13: =B10/B11*B12

Sheet I.F.A.T con incapacidad
A1: FICHA TÉCNICA
A2: NOMBRE DEL INDICADOR | B2: TIPO INDICADOR | C2: FORMULA DE INDICADOR | E2: DEFINICIÓN | G2: INTERPRETACIÓN | I2: UNIDAD DE MEDIDA | K2: META
A3: Indice de frecuencia de accidentes de trabajo con incapacidad | B3: Resultado | C3: I.F.A.T= (N° DE A.T EN EL PERIODO CON INCAPACIDAD / N° HHT EN EL PERIODO)*K | E3: Expresa el total de AT incapacitantes ocurridos durante el ultimo año, por cada 100 trabajadores de tiempo completo. | G3: por cada 100 trabajadores, se presentan 3 Accidentes de Trabajo con incapcidad en el mes | I3: Porcentaje | K3: 0
A4: TIPO DE INDICADOR | G4: PERIORICIDAD
A5: ESTRUCTURA | C5: PROCESO | E5: RESULTADO | G5: MENSUAL | I5: SEMESTRAL | K5: ANUAL
E6: X | G6: X
A8: VARIABLE | B8: ENERO | C8: FEBRERO | D8: MARZO | E8: ABRIL | F8: MAYO | G8: JUNIO | H8: JULIO | I8: AGOSTO | J8: SEPTIEMBRE | K8: OCTUBRE | L8: NOVIEMBRE | M8: DICIEMBRE
A9: Número de AT con incapacidad | B9: 0 | C9: =[2]F.A.!C9 | D9: =[2]F.A.!D9 | E9: =[2]F.A.!E9 | F9: 0 | G9: =[2]F.A.!G9 | H9: =[2]F.A.!H9 | I9: =[2]F.A.!I9 | J9: =[2]F.A.!J9 | K9: =[2]F.A.!K9 | L9: =[2]F.A.!L9 | M9: =[2]F.A.!M9
A11: Número de HHT en el periodo | B11: =([2]F.A.!B14) | C11: =([2]F.A.!C14) | D11: =([2]F.A.!D14) | E11: =([2]F.A.!E14) | F11: =([2]F.A.!F14) | G11: =([2]F.A.!G14) | H11: =([2]F.A.!H14) | I11: =([2]F.A.!I14) | ... M11: =([2]F.A.!M14)
A12: Constante K | B12: 200000 | C12: 200000 | D12: 200000 | E12: 200000 | F12: 200000 | G12: 200000 | H12: 200000 | I12: 2000 | J12: 200000 | K12: 200000 | L12: 200000 | M12: 200000
A13: I.F.A.T. Con Incapacidad | B13: =(B9/B11)*B12 | C13: =(C9/C11)*C12 | D13: =D9/D11*D12 | E13: =E9/E11*E12 | F13: =F9/F11*F12 | G13: =G9/G11*G12 | H13: =H9/H11*H12 | I13: =I9/I11*I12 | J13: =J9/J11*J12 | K13: =K9/K11*K12 | ... M13: =M9/M11*M12 | N13: =(N9*N12/#REF!)

Sheet I.F.E.L con incapacidad
A1: FICHA TÉCNICA
A2: NOMBRE DEL INDICADOR | B2: TIPO INDICADOR | C2: FORMULA DE INDICADOR | E2: DEFINICIÓN | G2: INTERPRETACIÓN | I2: UNIDAD DE MEDIDA | K2: META
A3: Indice de frecuencia de enfermedades laborales con incapacidad | B3: Resultado | C3: I.F.E.L= (N° DE E.L EN EL PERIODO CON INCAPACIDAD / N° HHT EN EL PERIODO)*K | E3: Expresa el total de EL incapacitantes ocurridos durante el ultimo año, por cada 100 trabajadores de tiempo completo. | G3: por cada 100 trabajadores, se presentan 0 enfermedades laborales con incapcidad en el mes | I3: Porcentaje | K3: 0
A4: TIPO DE INDICADOR | G4: PERIORICIDAD
A5: ESTRUCTURA | C5: PROCESO | E5: RESULTADO | G5: MENSUAL | I5: SEMESTRAL | K5: ANUAL
E6: X | G6: X
A8: VARIABLE | B8: ENERO | C8: FEBRERO | D8: MARZO | E8: ABRIL | F8: MAYO | G8: JUNIO | H8: JULIO | I8: AGOSTO | J8: SEPTIEMBRE | K8: OCTUBRE | L8: NOVIEMBRE | M8: DICIEMBRE
A9: Número de E.L con incapacidad | B9: 0 | C9: 0 | D9: 0 | E9: 0 | F9: 0 | G9: 0 | H9: 0 | I9: 0 | J9: 0 | K9: 0 | L9: =[2]F.A.!L9 | M9: 0
A11: Número de HHT en el periodo | B11: =([2]F.A.!B14) | C11: =([2]F.A.!C14) | D11: =([2]F.A.!D14) | E11: =([2]F.A.!E14) | F11: =([2]F.A.!F14) | G11: =([2]F.A.!G14) | H11: =([2]F.A.!H14) | I11: =([2]F.A.!I14) | ... M11: =([2]F.A.!M14)
A12: Constante K | B12: 200000 | C12: 200000 | D12: 200000 | E12: 200000 | F12: 200000 | G12: 200000 | H12: 200000 | I12: 200000 | J12: 200000 | K12: 200000 | L12: 200000 | M12: 200000
A13: I.F.E.L. Con Incapacidad | B13: =B9/B11*B12 | C13: =C9/C11*C12 | D13: =D9/D11*D12 | E13: =E9/E11*E12 | F13: =F9/F11*F12 | G13: =G9/G11*G12 | H13: =H9/H11*H12 | I13: =I9/I11*I12 | ... M13: =M9/M11*M12

Sheet Indice de severidad EL
A1: FICHA TÉCNICA
A2: NOMBRE DEL INDICADOR | B2: TIPO INDICADOR | C2: FORMULA DE INDICADOR | E2: DEFINICIÓN | G2: INTERPRETACIÓN | I2: UNIDAD DE MEDIDA | K2: META
A3: Indice de Severidad de enfermedad laboral | B3: Resultado | C3: I.S.E.L= (N° DIAS PERDIDOS Y CARGADOS POR E.L EN EL PERIODO / N° HHT PERIODO)*K | E3: Es la relación entre el numero de dias perdidos y cargados por enfermedades laborales, durante un periodo y el total de HHT durante un periodo y multiplicado por K | G3: por 780 horas trabajadas al mes se pierden por enfermedades laborales 0 dias | I3: Porcentaje | K3: 0
A4: TIPO DE INDICADOR | G4: PERIORICIDAD
A5: ESTRUCTURA | C5: PROCESO | E5: RESULTADO | G5: MENSUAL | I5: SEMESTRAL | K5: ANUAL
E6: X | G6: X
A8: VARIABLE | B8: ENERO | C8: FEBRERO | D8: MARZO | E8: ABRIL | F8: MAYO | G8: JUNIO | H8: JULIO | I8: AGOSTO | J8: SEPTIEMBRE | K8: OCTUBRE | L8: NOVIEMBRE | M8: DICIEMBRE
A9: Número de días perdidos por EL | B9: 0 | C9: 0 | D9: 0 | E9: 0 | F9: 0 | G9: 0 | H9: 0 | I9: 0 | J9: 0 | K9: 0 | L9: 0 | M9: 0
A10: Número de HHT en el periodo | B10: =([2]F.A.!B14) | C10: =([2]F.A.!C14) | D10: =([2]F.A.!D14) | E10: =([2]F.A.!E14) | F10: =([2]F.A.!F14) | G10: =([2]F.A.!G14) | H10: =([2]F.A.!H14) | I10: =([2]F.A.!I14) | ... M10: =([2]F.A.!M14)
A11: Constante K | B11: 200000 | C11: 200000 | D11: 200000 | E11: 200000 | F11: 200000 | G11: 200000 | H11: 200000 | I11: 200000 | J11: 200000 | K11: 200000 | L11: 200000 | M11: 200000
A12: Indice de Severidad de enfermedad laboral | B12: =B9/B10*B11 | C12: =C9/C10*C11 | D12: =D9/D10*D11 | E12: =E9/E10*E11 | F12: =F9/F10*F11 | G12: =G9/G10*G11 | H12: =H9/H10*H11 | I12: =I9/I10*I11 | ... M12: =M9/M10*M11

Sheet Indice de lesiones incap.. AT
A1: FICHA TÉCNICA
A2: NOMBRE DEL INDICADOR | B2: TIPO INDICADOR | C2: FORMULA DE INDICADOR | E2: DEFINICIÓN | G2: INTERPRETACIÓN | I2: UNIDAD DE MEDIDA | K2: META
A3: Indice de Lesiones Incapacitantes por A.T | B3: Resultado | C3: I.L.I.A.T=(I.F.A.T *I.S.A.T)/ constante K | E3: Corresponde a la relación entre los indices de frecuencia y severidad de Accidentes de Trabajo con Incapacidad. Es un indice global de comportamiento de lesiones incapacitantes que no tiene unidad, su utilidad radica en la comparación entre diferentes periodos. | G3: Por cada 100 trabajadores expuestos se presentan 3 accidentes en el período. | I3: Porcentaje | K3: 0
A4: TIPO DE INDICADOR | G4: PERIORICIDAD
A5: ESTRUCTURA | C5: PROCESO | E5: RESULTADO | G5: MENSUAL | I5: SEMESTRAL | K5: ANUAL
E6: X | G6: X
A8: VARIABLE | B8: ENERO | C8: FEBRERO | D8: MARZO | E8: ABRIL | F8: MAYO | G8: JUNIO | H8: JULIO | I8: AGOSTO | J8: SEPTIEMBRE | K8: OCTUBRE | L8: NOVIEMBRE | M8: DICIEMBRE
A9: I.F.A.T con incapacidad | B9: ='I.F.A.T con incapacidad'!B13:B13 | C9: ='I.F.A.T con incapacidad'!C13 | D9: ='I.F.A.T con incapacidad'!D13 | E9: ='I.F.A.T con incapacidad'!E13 | F9: ='I.F.A.T con incapacidad'!F13 | G9: ='I.F.A.T con incapacidad'!G13 | H9: ='I.F.A.T con incapacidad'!H13 | I9: ='I.F.A.T con incapacidad'!I13 | J9: ='I.F.A.T con incapacidad'!J13 | ... M9: ='I.F.A.T con incapacidad'!M13
A10: Indice de severidad AT | B10: ='[3]Severidad de accidentalidad '!B12:B12 | C10: ='[3]Severidad de accidentalidad '!C12 | D10: ='[3]Severidad de accidentalidad '!D12 | E10: ='[3]Severidad de accidentalidad '!E12 | F10: ='[3]Severidad de accidentalidad '!F12 | G10: ='[3]Severidad de accidentalidad '!G12 | H10: ='[3]Severidad de accidentalidad '!H12 | I10: ='[3]Severidad de accidentalidad '!I12 | J10: ='[3]Severidad de accidentalidad '!J12 | ... M10: ='[3]Severidad de accidentalidad '!M12
A11: Constante K | B11: 1000 | C11: 1000 | D11: 1000 | E11: 1000 | F11: 1000 | G11: 1000 | H11: 1000 | I11: 1000 | J11: 1000 | K11: 1000 | L11: 1000 | M11: 1000
A12: Indice de Lesiones Incapacitantes por A.T | B12: =(B9*B10)/B11 | C12: =C9*C10/C11 | D12: =D9*D10/D11 | E12: =E9*E10/E11 | F12: =F9*F10/F11 | G12: =G9*G10/G11 | H12: =H9*H10/H11 | I12: =I9*I10/I11 | J12: =J9*J10/J11 | ... M12: =M9*M10/M11

Sheet Tasa de accidentalidad
A1: FICHA TÉCNICA
A2: NOMBRE DEL INDICADOR | B2: TIPO INDICADOR | C2: FORMULA DE INDICADOR | E2: DEFINICIÓN | G2: INTERPRETACIÓN | I2: UNIDAD DE MEDIDA | K2: META
A3: Tasa de accidentalidad | B3: Resultado | C3: T.A = N° AT / N° PROMEDIO DE TRABAJADORES | E3: Relación del número de casos de accidentes de trabajo, ocurridos durante el período con el número promedio de trabajadores en el mismo período | G3: Por cada 100 trabajadores expuestos se presentan 3 accidentes en el período. | I3: Porcentaje | K3: 0
A4: TIPO DE INDICADOR | G4: PERIORICIDAD
A5: ESTRUCTURA | C5: PROCESO | E5: RESULTADO | G5: MENSUAL | I5: SEMESTRAL | K5: ANUAL
E6: X | G6: X
A8: VARIABLE | B8: ENERO | C8: FEBRERO | D8: MARZO | E8: ABRIL | F8: MAYO | G8: JUNIO | H8: JULIO | I8: AGOSTO | J8: SEPTIEMBRE | K8: OCTUBRE | L8: NOVIEMBRE | M8: DICIEMBRE
A9: Número de AT | B9: =[2]F.A.!B9 | C9: =[2]F.A.!C9 | D9: =[2]F.A.!D9 | E9: =[2]F.A.!E9 | F9: =[2]F.A.!F9 | G9: =[2]F.A.!G9 | H9: =[2]F.A.!H9 | I9: =[2]F.A.!I9 | ... M9: =[2]F.A.!M9
A10: Promedio de trabajadores | B10: =AVERAGE([2]F.A.!B10) | C10: =AVERAGE([2]F.A.!C10) | D10: =AVERAGE([2]F.A.!D10) | E10: =AVERAGE([2]F.A.!E10) | F10: =AVERAGE([2]F.A.!F10) | G10: =AVERAGE([2]F.A.!G10) | H10: =AVERAGE([2]F.A.!H10) | I10: =AVERAGE([2]F.A.!I10) | ... K10: =AVERAGE([2]F.A.!K10) | L10: 12 | M10: 14
A11: Tasa de accidentalidad | B11: =B9/B10 | C11: =C9/C10 | D11: =D9/D10 | E11: =E9/E10 | F11: =F9/F10 | G11: =G9/G10 | H11: =H9/H10 | I11: =I9/I10 | ... M11: =M9/M10 | N11: =(N9*#REF!/#REF!)

Sheet Ausentimos por causa médica
A1: FICHA TÉCNICA
A2: NOMBRE DEL INDICADOR | B2: TIPO INDICADOR | D2: FORMULA DE INDICADOR | F2: DEFINICIÓN | H2: INTERPRETACIÓN | J2: UNIDAD DE MEDIDA | L2: META
A3: Ausentismos por causa médica | B3: Resultado | D3: (Numero de días de ausencia por incapacidad laboral o común en el mes / Numero de días de trabajo programados en el mes) *100 | F3: Ausentismo es la no asistencia al trabajo, con incapacidad médica. | H3: En el mes se perdió 194 de días programados de trabajo por incapacidad médica | J3: Porcentaje | L3: 0.9
A4: TIPO DE INDICADOR | H4: PERIORICIDAD
A5: ESTRUCTURA | D5: PROCESO | F5: RESULTADO | H5: MENSUAL | J5: SEMESTRAL | L5: ANUAL
F6: X | H6: X
A8: VARIABLE | B8: ENERO | C8: FEBRERO | D8: MARZO | E8: ABRIL | F8: MAYO | G8: JUNIO | H8: JULIO | I8: AGOSTO | J8: SEPTIEMBRE | K8: OCTUBRE | L8: NOVIEMBRE | M8: DICIEMBRE
A9: Numero de dias por ausencia incapacidad laboral o comun en el mes | B9: 0 | C9: 0 | D9: 0 | E9: 0 | F9: 0 | G9: 0 | H9: 0 | I9: 6 | J9: 0 | K9: 0 | L9: 0 | M9: 0
A10: Numero de dias de trabajo programados en el mes | B10: 16 | C10: 24 | D10: 26 | E10: 24 | F10: 25 | G10: 24 | H10: 24 | I10: 26 | J10: 26 | K10: 25 | L10: 26 | M10: 25
A11: Ausentismos por causa médica o comun | B11: =(B9/B10)*100% | C11: =(C9/C10)*100% | D11: =D9/D10 | E11: =E9/E10 | F11: =F9/F10 | G11: =G9/G10 | H11: =H9/H10 | I11: =I9/I10 | J11: =J9/J10 | K11: =K9/K10 | ... M11: =M9/M10 | O11: =(O8*#REF!/#REF!)

Sheet Indice de frecuencia de ausenti
A1: FICHA TÉCNICA
A2: NOMBRE DEL INDICADOR | B2: TIPO INDICADOR | D2: FORMULA DE INDICADOR | F2: DEFINICIÓN | H2: INTERPRETACIÓN | J2: UNIDAD DE MEDIDA | L2: META
A3: Indice de frecuencia de ausentismo | B3: Resultado | D3: IFA= Numeros de eventos de ausencia por causa de salud en el año / HH Programadas en el año * 240000 | F3: Incluye enfermedad común, enfermedad profesional, accidente de trabajo y consulta de salud | H3: Por 3374 horas trabajadas en el año se presentan 17 evento incapacitantes por enfermedad común | J3: Número | L3: 0
A4: TIPO DE INDICADOR | H4: PERIORICIDAD
A5: ESTRUCTURA | D5: PROCESO | F5: RESULTADO | H5: MENSUAL | J5: SEMESTRAL | L5: ANUAL
F6: X | L6: X
A8: VARIABLE | B8: 2022
A9: Número de eventos por causa de salud ultimo año | B9: 3
A10: Horas hombre programadas en el año | B10: 12279
B11: 240000
A12: Indice de frecuencia de Ausentismo | B12: =B9/B10*B11 | O12: =(O9*#REF!/#REF!)
A26: VARIABLE | B26: ENERO | C26: FEBRERO | D26: MARZO | E26: ABRIL | F26: MAYO | G26: JUNIO | H26: JULIO | I26: AGOSTO | J26: SEPTIEMBRE | K26: OCTUBRE | L26: NOVIEMBRE | M26: DICIEMBRE | N26: ACUMULADO
A27: Dias de Ausentismo | B27: 17 | C27: 0 | D27: 0 | E27: 0 | F27: 0 | G27: 0 | H27: 0 | I27: 6 | J27: 0 | K27: 0 | L27: 0 | M27: 0 | N27: =SUM(B27:M27)
A28: Numero de eventos por causa medica | B28: 2 | C28: 0 | D28: 0 | E28: 0 | F28: 0 | G28: 0 | H28: 0 | I28: 1 | J28: 0 | K28: 0 | L28: 0 | M28: 0 | N28: =SUM(B28:M28)
A29: Total ausentismo

Sheet Cobertura de inducción
A1: FICHA TÉCNICA
A2: NOMBRE DEL INDICADOR | B2: TIPO INDICADOR | C2: FORMULA DE INDICADOR | E2: DEFINICIÓN | G2: INTERPRETACIÓN | I2: UNIDAD DE MEDIDA | K2: META
A3: Cobertura de inducción | B3: Resultado | C3: Número de personas que asisten a la inducción./ Número de personas que ingresan en el periodo *100 | E3: Muestra el porcentaje de personas que reciben la inducción | G3: 90 % de las personas nuevas aaistieron a la induccion | I3: Porcentaje | K3: 1
A4: TIPO DE INDICADOR | G4: PERIORICIDAD
A5: ESTRUCTURA | C5: PROCESO | E5: RESULTADO | G5: MENSUAL | I5: SEMESTRAL | K5: ANUAL
E6: X | G6: X
A8: VARIABLE | B8: ENERO | C8: FEBRERO | D8: MARZO | E8: ABRIL | F8: MAYO | G8: JUNIO | H8: JULIO | I8: AGOSTO | J8: SEPTIEMBRE | K8: OCTUBRE | L8: NOVIEMBRE | M8: DICIEMBRE
A9: Número de personas que asisten a la capacitación | B9: 1 | C9: 0 | D9: 1 | E9: 2 | F9: 1 | G9: 0 | H9: 0 | I9: 0 | J9: 0 | K9: 4 | L9: 1 | M9: 2
A10: Número de personas que ingresan en el periodo | B10: 1 | C10: 0 | D10: 1 | E10: 2 | F10: 1 | G10: 0 | H10: 0 | I10: 0 | J10: 0 | K10: 4 | L10: 1 | M10: 2
A11: Cobertura de inducción | B11: =(B9/B10)*100% | C11: =(C9/C10)*100 | D11: =(D9/D10)*100% | E11: =E10*100%/E9 | F11: =F10*100%/F9 | G11: =G10*100%/G9 | H11: =H10*100%/H9 | I11: =I10*100%/I9 | J11: =J10*100%/J9 | K11: =K10*100%/K9 | L11: =L10*100%/L9 | ... N11: =N10*100%/N9

Sheet Acciones Correctivas
A1: FICHA TÉCNICA
A2: NOMBRE DEL INDICADOR | B2: TIPO INDICADOR | C2: FORMULA DE INDICADOR | E2: DEFINICIÓN | G2: INTERPRETACIÓN | I2: UNIDAD DE MEDIDA | K2: META
A3: Acciones correctivas | B3: Resultado | C3: Acciones correctivas realizadas / Número de No Conformidades encontradas * 100 | E3: Muestra el porcentaje de acciones correctivas realizadas | G3: XX% de las no conformidades tienen acciones X correctivas | I3: Porcentaje | K3: 1
A4: TIPO DE INDICADOR | G4: PERIORICIDAD
A5: ESTRUCTURA | C5: PROCESO | E5: RESULTADO | G5: MENSUAL | I5: SEMESTRAL | K5: ANUAL
E6: X | G6: X
A8: VARIABLE | B8: ENERO | C8: FEBRERO | D8: MARZO | E8: ABRIL | F8: MAYO | G8: JUNIO | H8: JULIO | I8: AGOSTO | J8: SEPTIEMBRE | K8: OCTUBRE | L8: NOVIEMBRE | M8: DICIEMBRE
A9: Acciones correctivas realizadas | B9: 0 | C9: 1 | D9: 1 | E9: 0 | F9: 1 | G9: 1 | H9: 1 | I9: 1 | J9: 0 | K9: 0 | L9: 3 | M9: 0
A10: Número de No Conformidades encontradas | B10: 0 | C10: 1 | D10: 1 | E10: 0 | F10: 1 | G10: 13 | H10: 13 | I10: 13 | J10: 0 | K10: 0 | L10: 3 | M10: 0
A11: Acciones Correctivas Realizadas | B11: =B9/B10*100 | C11: =(C9/C10)*100% | D11: =D9/D10*100% | E11: =E9/E10*100 | F11: =F9/F10*100% | G11: =G9/G10*100% | H11: =H9/H10*100% | I11: =I9/I10*100% | J11: =J9/J10*100% | K11: =K9/K10*100% | L11: =L9/L10*100% | M11: =M9/M10*100

Sheet Requisitos legales
A1: FICHA TÉCNICA
A2: NOMBRE DEL INDICADOR | B2: TIPO INDICADOR | C2: FORMULA DE INDICADOR | E2: DEFINICIÓN | G2: INTERPRETACIÓN | I2: UNIDAD DE MEDIDA | K2: META
A3: Requisitos Legales | B3: Estructura | C3: Cumplimiento Req-Legal = (Requisitos legales cumplidos/Requisitos legales aplicables) * 100 | E3: Cumplimiento de la legislacion legal aplicable | I3: Porcentaje | K3: 1
A4: TIPO DE INDICADOR | G4: PERIORICIDAD
A5: ESTRUCTURA | C5: PROCESO | E5: RESULTADO | G5: MENSUAL | I5: SEMESTRAL | K5: ANUAL
E6: X | G6: X
A8: VARIABLE | B8: ENERO | C8: FEBRERO | D8: MARZO | E8: ABRIL | F8: MAYO | G8: JUNIO | H8: JULIO | I8: AGOSTO | J8: SEPTIEMBRE | K8: OCTUBRE | L8: NOVIEMBRE | M8: DICIEMBRE
A9: Requisitos legales cumplidos | B9: 3 | C9: 3 | D9: 3 | E9: 3 | F9: 3 | G9: 0 | H9: 0 | I9: 0 | J9: 0 | K9: 0 | L9: 0 | M9: 0
A10: Requisitos legales aplicables | B10: 3 | C10: 3 | D10: 3 | E10: 3 | F10: 3 | G10: 0 | H10: 0 | I10: 0 | J10: 0 | K10: 0 | L10: 0 | M10: 0
A11: Requisitos legales cumplidos | B11: =(B9/B10)*100% | C11: =(C9/C10)*100% | D11: =(D9/D10)*100% | E11: =(E9/E10)*100% | F11: =(F9/F10)*100% | G11: =G9/G10*100 | H11: =H9/H10*100 | I11: =I9/I10*100 | J11: =J9/J10*100 | K11: =K9/K10*100 | L11: =L9/L10*100 | M11: =M9/M10*100

Sheet Evaluaciones ocupacionales
A1: FICHA TÉCNICA
A2: NOMBRE DEL INDICADOR | B2: TIPO INDICADOR | C2: FORMULA DE INDICADOR | E2: DEFINICIÓN | G2: INTERPRETACIÓN | I2: UNIDAD DE MEDIDA | K2: META
A3: Evaluaciones Ocupacionales | B3: Resultado | C3: Nº de evaluaciones ocupacionales ejecutadas / Nº evaluaciones ocupacionales programadas*100 | E3: Cumplimiento de evaluaciones ocupacionales | G3: 100% de evaluaciones ocupacionales ejecutadas en un periodo 2026 | I3: Porcentaje | K3: 1
A4: TIPO DE INDICADOR | G4: PERIORICIDAD
A5: ESTRUCTURA | C5: PROCESO | E5: RESULTADO | G5: MENSUAL | I5: SEMESTRAL | K5: ANUAL
E6: X | G6: X
A8: VARIABLE | B8: ENERO | C8: FEBRERO | D8: MARZO | E8: ABRIL | F8: MAYO | G8: JUNIO | H8: JULIO | I8: AGOSTO | J8: SEPTIEMBRE | K8: OCTUBRE | L8: NOVIEMBRE | M8: DICIEMBRE
A9: Evaluaciones ocupacionales ejecutadas | B9: 0 | C9: 0 | D9: 3 | E9: 1 | F9: 1 | G9: 0 | H9: 0 | I9: 0 | J9: 0 | K9: 1 | L9: 1 | M9: 2
A10: Evaluaciones ocupacionales programadas | B10: 0 | C10: 0 | D10: 3 | E10: 1 | F10: 1 | G10: 0 | H10: 0 | I10: 0 | J10: 0 | K10: 1 | L10: 1 | M10: 2
A11: Evaluaciones Ocupacionales Realizadas | B11: =B9*100%/B10 | C11: =C9*100%/C10 | D11: =(D9/D10)*100% | E11: =E9*100%/E10 | F11: =F9*100%/F10 | G11: =G9*100%/G10 | H11: =H9*100%/H10 | I11: =I9*100%/I10 | J11: =J9*100%/J10 | K11: =K9*100%/K10 | L11: =L9*100%/L10 | M11: =M9*100%/M10
